{"proxies":{"com.inzori.salesforcechat.SalesforceChatModule":{"superPackageName":"org.appcelerator.kroll","methods":{"launchChat":{"runOnUiThread":false,"hasInvocation":false,"args":[{"converter":"org.appcelerator.kroll.KrollConverter","defaultValueProvider":"org.appcelerator.kroll.KrollConverter","name":"args","sourceName":"args","type":"org.appcelerator.kroll.KrollDict"}],"apiName":"launchChat","converter":"org.appcelerator.kroll.KrollConverter","defaultValueProvider":"org.appcelerator.kroll.KrollConverter","name":"__default_name__","returnType":"void"}},"superProxyBindingClassName":"org.appcelerator.kroll.KrollModuleBindingGen","proxyClassName":"SalesforceChatModule","proxyAttrs":{"propertyAccessors":[],"fullAPIName":"SalesforceChat","name":"SalesforceChat","proxyClassName":"com.inzori.salesforcechat.SalesforceChatModule","isTopLevel":false,"id":"com.inzori.salesforcechat"},"packageName":"com.inzori.salesforcechat","sourceName":"com.inzori.salesforcechat.SalesforceChatModuleBindingGen","isTitaniumSdk":false,"superProxyClassName":"KrollModule","isModule":true,"genClassName":"SalesforceChatModuleBindingGen","onAppCreate":"onAppCreate"}},"modules":{"com.inzori.salesforcechat.SalesforceChatModule":{"apiName":"SalesforceChat"}}}